
{
  "faceExchangeImage": "eyemask.jpg",
  "blendAlpha":1.0,
  "featureType": 0,
  "grayScale": 0,
  "blendMode": 0,
  "facePoints": [
 78.440926, 264.068207,
 84.774666, 297.685760,
 90.621193, 324.969543,
 95.980515, 347.868439,
 107.186356, 369.305725,
 119.366623, 388.306946,
 138.855057, 405.846527,
 155.907425, 421.924469,
 175.883072, 434.104736,
 199.269180, 438.489655,
 222.655304, 433.130341,
 245.554199, 420.950073,
 264.068207, 403.897675,
 279.171753, 384.896454,
 292.813629, 367.356873,
 302.557861, 345.432404,
 309.378815, 322.533508,
 315.225342, 296.224121,
 316.686981, 262.119354,
 99.878197, 223.142502,
 119.853836, 222.168091,
 140.316681, 224.116928,
 160.779541, 228.014618,
 181.242386, 229.476242,
 163.702805, 216.808777,
 141.778320, 212.911087,
 119.853836, 212.911087,
 297.685760, 222.655304,
 277.710114, 222.168091,
 257.734467, 226.065781,
 242.143723, 228.501831,
 219.244827, 230.450668,
 232.399506, 217.783188,
 254.323990, 211.449448,
 279.658966, 211.449448,
 120.828255, 253.349579,
 130.085266, 259.196106,
 142.752747, 261.144958,
 154.933014, 260.170532,
 168.087692, 255.785629,
 158.830688, 246.528625,
 143.727158, 241.656509,
 131.546890, 244.579788,
 145.676010, 252.375153,
 145.676010, 251.400726,
 279.171753, 250.913513,
 268.940308, 258.221680,
 255.785629, 261.632141,
 243.605362, 260.657745,
 230.450668, 256.272827,
 240.682098, 246.041412,
 254.323990, 242.143723,
 267.478699, 244.092575,
 254.323990, 251.400726,
 254.323990, 250.426315,
 185.140076, 256.272827,
 183.191223, 300.121796,
 170.036545, 324.969543,
 185.140076, 334.226562,
 200.243607, 336.175385,
 214.372711, 333.252136,
 229.476242, 323.507904,
 216.321564, 300.609009,
 215.347137, 256.760040,
 200.243607, 318.148590,
 156.394638, 359.561523,
 244.579788, 358.587097,
 167.600494, 371.741791,
 182.216812, 379.537140,
 199.756393, 383.434845,
 217.295975, 379.049927,
 232.399506, 370.767365,
 221.193665, 368.331299,
 200.730820, 370.767365,
 176.370285, 368.331299,
 173.447021, 356.638245,
 189.524963, 355.176605,
 200.730820, 357.125458,
 210.962234, 356.638245,
 227.040192, 356.638245,
 221.193665, 364.920837,
 200.243607, 365.895264,
 177.344696, 363.946411,
 200.243607, 256.272827,
 202.192444, 230.450668,
 200.243607, 346.406830,
 102.801460, 102.801460,
 199.269180, 137.880630,
 299.147369, 98.903778,
 200.243607, 178.319122
  ]
}

